<edmx:Edmx xmlns:edmx="http://docs.oasis-open.org/odata/ns/edmx" Version="4.0">
    <edmx:Reference Uri="https://sap.github.io/odata-vocabularies/vocabularies/UI.xml">
        <edmx:Include Namespace="com.sap.vocabularies.UI.v1" Alias="UI"/>
    </edmx:Reference>
    <edmx:Reference Uri="/SalesOrderService/$metadata">
        <edmx:Include Namespace="CatalogService"/>
    </edmx:Reference>
    <edmx:DataServices>
        <Schema xmlns="http://docs.oasis-open.org/odata/ns/edm" Namespace="local">
            <Annotations Target="CatalogService.SalesOrders">
                <Annotation Term="UI.LineItem">
                    <Collection>
                        <Record Type="UI.DataField">
                            <PropertyValue Property="Value" Path="ID"/>
                        </Record>
                        <Record Type="UI.DataField">
                            <PropertyValue Property="Value" Path="description"/>
                        </Record>
                        <Record Type="UI.DataField">
                            <PropertyValue Property="Value" Path="customerNo"/>
                        </Record>
                        <Record Type="UI.DataField">
                            <PropertyValue Property="Value" Path="overBookingInd"/>
                        </Record>
                        <Record Type="UI.DataField">
                            <PropertyValue Property="Value" Path="salesorg"/>
                        </Record>
                        <Record Type="UI.DataField">
                            <PropertyValue Property="Value" Path="totalQuantity"/>
                        </Record>
                    </Collection>
                </Annotation>
                <Annotation Term="UI.FieldGroup" Qualifier="GeneratedGroup1">
                    <Record Type="UI.FieldGroupType">
                        <PropertyValue Property="Data">
                            <Collection>
                                <Record Type="UI.DataField">
                                    <PropertyValue Property="Value" Path="createdAt"/>
                                </Record>
                                <Record Type="UI.DataField">
                                    <PropertyValue Property="Value" Path="createdBy"/>
                                </Record>
                                <Record Type="UI.DataField">
                                    <PropertyValue Property="Value" Path="modifiedAt"/>
                                </Record>
                                <Record Type="UI.DataField">
                                    <PropertyValue Property="Value" Path="modifiedBy"/>
                                </Record>
                            </Collection>
                        </PropertyValue>
                    </Record>
                </Annotation>
                <Annotation Term="UI.Facets">
                    <Collection>
                        <Record Type="UI.ReferenceFacet">
                            <PropertyValue Property="Label" String="Sales Order Details"/>
                            <PropertyValue Property="ID" String="SalesOrderDetails"/>
                            <PropertyValue Property="Target" AnnotationPath="@UI.FieldGroup#SalesOrderDetails"/>
                        </Record>
                        <Record Type="UI.ReferenceFacet">
                            <PropertyValue Property="ID" String="GeneratedFacet1"/>
                            <PropertyValue Property="Label" String="Admin Details"/>
                            <PropertyValue Property="Target" AnnotationPath="@UI.FieldGroup#GeneratedGroup1"/>
                        </Record>
                        <Record Type="UI.ReferenceFacet">
                            <PropertyValue Property="Label" String="Sales Order Items"/>
                            <PropertyValue Property="ID" String="SalesOrderItems"/>
                            <PropertyValue Property="Target" AnnotationPath="items/@UI.LineItem#SalesOrderItems"/>
                        </Record>
                        <Record Type="UI.ReferenceFacet">
                            <PropertyValue Property="Label" String="Customer Details"/>
                            <PropertyValue Property="ID" String="CustomerDetails"/>
                            <PropertyValue Property="Target" AnnotationPath="@UI.FieldGroup#CustomerDetails"/>
                        </Record>
                    </Collection>
                </Annotation>
                <Annotation Term="UI.SelectionFields">
                    <Collection>
                        <PropertyPath>salesorg</PropertyPath>
                    </Collection>
                </Annotation>
                <Annotation Term="UI.FieldGroup" Qualifier="SalesOrderDetails">
                    <Record Type="UI.FieldGroupType">
                        <PropertyValue Property="Data">
                            <Collection>
                                <Record Type="UI.DataField">
                                    <PropertyValue Property="Value" Path="ID"/>
                                </Record>
                                <Record Type="UI.DataField">
                                    <PropertyValue Property="Value" Path="description"/>
                                </Record>
                                <Record Type="UI.DataField">
                                    <PropertyValue Property="Value" Path="customerNo"/>
                                </Record>
                                <Record Type="UI.DataField">
                                    <PropertyValue Property="Value" Path="overBookingInd"/>
                                </Record>
                                <Record Type="UI.DataField">
                                    <PropertyValue Property="Value" Path="salesorg"/>
                                </Record>
                                <Record Type="UI.DataField">
                                    <PropertyValue Property="Value" Path="totalQuantity"/>
                                </Record>
                            </Collection>
                        </PropertyValue>
                    </Record>
                </Annotation>
                <Annotation Term="UI.FieldGroup" Qualifier="SalesOrderItems">
                    <Record Type="UI.FieldGroupType">
                        <PropertyValue Property="Data">
                            <Collection/>
                        </PropertyValue>
                    </Record>
                </Annotation>
                <Annotation Term="UI.FieldGroup" Qualifier="CustomerDetails">
                    <Record Type="UI.FieldGroupType">
                        <PropertyValue Property="Data">
                            <Collection>
                                <Record Type="UI.DataField">
                                    <PropertyValue Property="Value" Path="customer/customerName"/>
                                    <PropertyValue Property="Label" String="customerName"/>
                                </Record>
                                <Record Type="UI.DataField">
                                    <PropertyValue Property="Value" Path="customer/customerNo"/>
                                    <PropertyValue Property="Label" String="customerNo"/>
                                </Record>
                                <Record Type="UI.DataField">
                                    <PropertyValue Property="Value" Path="customer/addresses/country"/>
                                    <PropertyValue Property="Label" String="country"/>
                                </Record>
                                <Record Type="UI.DataField">
                                    <PropertyValue Property="Value" Path="customer/addresses/contact_email"/>
                                    <PropertyValue Property="Label" String="contact_email"/>
                                </Record>
                                <Record Type="UI.DataField">
                                    <PropertyValue Property="Value" Path="customer/addresses/city"/>
                                    <PropertyValue Property="Label" String="city"/>
                                </Record>
                                <Record Type="UI.DataField">
                                    <PropertyValue Property="Value" Path="customer/addresses/contact_phonenumber"/>
                                    <PropertyValue Property="Label" String="contact_phonenumber"/>
                                </Record>
                            </Collection>
                        </PropertyValue>
                    </Record>
                </Annotation>
            </Annotations>
            <Annotations Target="CatalogService.SalesOrderItems">
                <Annotation Term="UI.LineItem" Qualifier="SalesOrderItems">
                    <Collection>
                        <Record Type="UI.DataField">
                            <PropertyValue Property="Value" Path="salesOrder/items/ID"/>
                            <PropertyValue Property="Label" String="ID"/>
                        </Record>
                        <Record Type="UI.DataField">
                            <PropertyValue Property="Value" Path="salesOrder/items/item"/>
                        </Record>
                        <Record Type="UI.DataField">
                            <PropertyValue Property="Value" Path="salesOrder/items/material"/>
                        </Record>
                        <Record Type="UI.DataField">
                            <PropertyValue Property="Value" Path="salesOrder/items/quantity"/>
                        </Record>
                        <Record Type="UI.DataField">
                            <PropertyValue Property="Value" Path="salesOrder/items/salesOrder_ID"/>
                            <PropertyValue Property="Label" String="salesOrder_ID"/>
                        </Record>
                    </Collection>
                </Annotation>
            </Annotations>
        </Schema>
    </edmx:DataServices>
</edmx:Edmx>